yearfrac,sigma,
0.082191781,45.5, 
0.167123288,49.8,
0.249315068,54.5,
0.495890411,57.1,
0.747945205,59.6,
1,62.2,
1.495890411,66.1,
2,65.9,
3,64.1,
4.002739726,58.8,
5.002739726,53.6,
6.002739726,48.4,
7.002739726,45.1,
8.005479452,42,
9.005479452,38.6,
10.00547945,36.7,
15.00821918,31.3,
20.01369863,27.8,
25.01643836,25.4,
30.01917808,23.1,
